<?xml version="1.0" encoding="UTF-8"?>
<jcr:root xmlns:cq="http://www.day.com/jcr/cq/1.0" xmlns:jcr="http://www.jcp.org/jcr/1.0" xmlns:nt="http://www.jcp.org/jcr/nt/1.0"
    jcr:primaryType="cq:Dialog"
    title="Social Media Feed - Slender/Squat"
    xtype="dialog">
    <items
        jcr:primaryType="cq:Widget"
        xtype="tabpanel">
        <items jcr:primaryType="cq:WidgetCollection">
            <tab1
                jcr:primaryType="cq:Panel"
                title="Social Media Feed - Slender/Squat">
                <items jcr:primaryType="cq:WidgetCollection">
                    <platform
                        jcr:primaryType="cq:Widget"
                        allowBlank="{Boolean}false"
                        defaultValue="Select a social media platform"
                        fieldLabel="Social media platform"
                        labelStyle="width:150px;"
                        name="./platform"
                        style="margin-left:24px;"
                        type="select"
                        xtype="mdtselection">
                        <options jcr:primaryType="cq:WidgetCollection">
                            <facebook
                                jcr:primaryType="nt:unstructured"
                                text="Facebook"
                                value="facebook"/>
                            <twitter
                                jcr:primaryType="nt:unstructured"
                                text="Twitter"
                                value="twitter"/>
                            <linkedin
                                jcr:primaryType="nt:unstructured"
                                text="LinkedIn"
                                value="linkedin"/>
                        </options>
                    </platform>
                    <account1
                        jcr:primaryType="cq:Widget"
                        layout="form"
                        padding="5"
                        xtype="panel">
                        <items jcr:primaryType="cq:WidgetCollection">
                            <accountName
                                jcr:primaryType="cq:Widget"
                                allowBlank="{Boolean}false"
                                fieldLabel="Channel 1 Account Name"
                                labelStyle="width:150px;"
                                name="./accountName1"
                                width="300"
                                xtype="textfield"/>
                            <newTab
                                jcr:primaryType="cq:Widget"
                                fieldLabel="Open in a New Tab"
                                labelStyle="width:150px;"
                                name="./newTab1"
                                type="checkbox"
                                xtype="selection"/>
                        </items>
                    </account1>
                    <account2
                        jcr:primaryType="cq:Widget"
                        layout="form"
                        padding="5"
                        style="margin-top:10px;"
                        xtype="panel">
                        <items jcr:primaryType="cq:WidgetCollection">
                            <accountName
                                jcr:primaryType="cq:Widget"
                                fieldDescription="If you chose not to add a second channel, the feed will display two most recent posts from the same channel"
                                fieldLabel="Channel 2 Account Name"
                                itemCls="social_media_slender_squat_dialog_account2"
                                labelStyle="width:150px;"
                                name="./accountName2"
                                width="300"
                                xtype="textfield"/>
                            <newTab
                                jcr:primaryType="cq:Widget"
                                fieldLabel="Open in a New Tab"
                                labelStyle="width:150px;"
                                name="./newTab2"
                                type="checkbox"
                                xtype="selection"/>
                        </items>
                    </account2>
                </items>
            </tab1>
        </items>
    </items>
</jcr:root>
