<?xml version="1.0" encoding="UTF-8"?>
<jcr:root xmlns:cq="http://www.day.com/jcr/cq/1.0" xmlns:jcr="http://www.jcp.org/jcr/1.0" xmlns:nt="http://www.jcp.org/jcr/nt/1.0"
    jcr:primaryType="cq:Dialog"
    height="{Long}550"
    title="Quote"
    width="800"
    xtype="dialog">
    <items
        jcr:primaryType="cq:Widget"
        xtype="tabpanel">
        <items jcr:primaryType="cq:WidgetCollection">
            <tab1
                jcr:primaryType="cq:Panel"
                border="false"
                title="Quote">
                <items jcr:primaryType="cq:WidgetCollection">
                    <label
                        jcr:primaryType="cq:Widget"
                        fieldLabel="Show Category Label"
                        name="./showLabel"
                        type="checkbox"
                        xtype="selection">
                        <listeners
                            jcr:primaryType="nt:unstructured"
                            selectionchanged="function(box) {   return Medtronic.Authoring.enableLabelFields(box)     }"/>
                    </label>
                    <labelHyperlink
                        jcr:primaryType="cq:Widget"
                        allowBlank="{Boolean}false"
                        fieldLabel="Label URL"
                        name="./labelHyperlink"
                        validator="function() {  return Medtronic.Authoring.validateExternalLinks(this);    }"
                        xtype="pathfield"/>
                    <labelNewTab
                        jcr:primaryType="cq:Widget"
                        fieldLabel="Open in a New Tab"
                        name="./labelNewTab"
                        type="checkbox"
                        xtype="selection"/>
                    <text
                        jcr:primaryType="cq:Widget"
                        allowBlank="{Boolean}false"
                        fieldDescription="Input a quote. Do not include quotation marks around the quote text."
                        fieldLabel="Quotation"
                        name="./text"
                        xtype="textarea"/>
                    <attribution
                        jcr:primaryType="cq:Widget"
                        allowBlank="{Boolean}false"
                        fieldDescription="Enter the source of the quote."
                        fieldLabel="Attribution"
                        name="./attribution"
                        xtype="textfield"/>
                    <additional1
                        jcr:primaryType="cq:Widget"
                        emptyText="Example &quot;From an Interview&quot;"
                        fieldLabel="Additional Info"
                        name="./additionalInfo1"
                        xtype="textfield"/>
                    <additional2
                        jcr:primaryType="cq:Widget"
                        emptyText="Example &quot;From an Interview&quot;"
                        fieldLabel="Additional Info"
                        name="./additionalInfo2"
                        xtype="textfield"/>
                    <date
                        jcr:primaryType="cq:Widget"
                        fieldDescription="Date of publication, as applicable."
                        fieldLabel="Date"
                        format="Y-m-d"
                        name="./date"
                        xtype="datefield">
                        <listeners
                            jcr:primaryType="nt:unstructured"
                            render="function(box) {                               Medtronic.Authoring.Quote.date.render(box);                             }"/>
                    </date>
                </items>
            </tab1>
        </items>
    </items>
    <listeners
        jcr:primaryType="nt:unstructured"
        loadcontent="function(dialog) {           return Medtronic.Authoring.Quote.dialog.loadContent(dialog);         }"/>
</jcr:root>
