<?xml version="1.0" encoding="UTF-8"?>
<jcr:root xmlns:sling="http://sling.apache.org/jcr/sling/1.0" xmlns:cq="http://www.day.com/jcr/cq/1.0" xmlns:jcr="http://www.jcp.org/jcr/1.0" xmlns:nt="http://www.jcp.org/jcr/nt/1.0"
    jcr:primaryType="nt:unstructured"
    jcr:title="Page"
    sling:resourceType="cq/gui/components/authoring/dialog"
    extraClientlibs="[cq.common.wcm,cq.siteadmin.admin.properties]"
    mode="edit">
    <content
        jcr:primaryType="nt:unstructured"
        sling:resourceType="granite/ui/components/foundation/container"
        class="cq-dialog-content-page">
        <items jcr:primaryType="nt:unstructured">
            <tabs
                jcr:primaryType="nt:unstructured"
                sling:resourceType="granite/ui/components/foundation/container"
                rel="cq-siteadmin-admin-properties-tabs">
                <layout
                    jcr:primaryType="nt:unstructured"
                    sling:resourceType="granite/ui/components/foundation/layouts/tabs"
                    type="nav"/>
                <items 
                    jcr:primaryType="nt:unstructured"
                    sling:hideChildren="[tab_migration,opengraphelements]">
                    <basic
                        jcr:primaryType="nt:unstructured"
                        sling:resourceType="granite/ui/components/foundation/include"
                        path="/apps/medtronic-com/components/pages/site-root-page/granite-tabs/tab_basic"/>
                    <advanced
                        jcr:primaryType="nt:unstructured"
                        sling:resourceType="granite/ui/components/foundation/include"
                        path="/apps/medtronic-com/components/pages/authorable-page/granite-tabs/tab_advanced"/>
                    <thumbnail
                        jcr:primaryType="nt:unstructured"
                        sling:resourceType="granite/ui/components/foundation/include"
                        path="/apps/medtronic-com/components/pages/base-page/granite-tabs/tab_thumbnail"/>
                    <cloudservices
                        jcr:primaryType="nt:unstructured"
                        sling:resourceType="granite/ui/components/foundation/include"
                        path="/apps/medtronic-com/components/pages/base-page/granite-tabs/tab_cloudservices"/>
                    <blueprint jcr:primaryType="nt:unstructured"
                        sling:resourceType="granite/ui/components/foundation/include"
                        path="/apps/medtronic-com/components/pages/base-page/granite-tabs/tab_blueprint"/>
                    <livecopy jcr:primaryType="nt:unstructured"
                        sling:resourceType="granite/ui/components/foundation/include"
                        path="/apps/medtronic-com/components/pages/base-page/granite-tabs/tab_livecopy"/>
                    <michelsonSeal jcr:primaryType="nt:unstructured"
                       sling:resourceType="granite/ui/components/foundation/include"
                       path="/apps/medtronic-com/components/pages/base-page/granite-tabs/tab_michelsonseal"/>
                </items>
            </tabs>
        </items>
    </content>
</jcr:root>
