<?xml version="1.0" encoding="UTF-8"?>
<jcr:root xmlns:sling="http://sling.apache.org/jcr/sling/1.0" xmlns:cq="http://www.day.com/jcr/cq/1.0" xmlns:jcr="http://www.jcp.org/jcr/1.0" xmlns:nt="http://www.jcp.org/jcr/nt/1.0"
    jcr:primaryType="cq:Page">
    <images/>
    <fonts/>
    <clientlibs/>
    <jcr:content
        cq:doctype="html_5"
        cq:lastModified="{Date}2016-02-02T11:29:10.786-06:00"
        cq:lastModifiedBy="admin"
        jcr:primaryType="nt:unstructured"
        jcr:title="Medtronic Site Design"
        sling:resourceType="wcm/core/components/designer">
        <base-page jcr:primaryType="nt:unstructured"/>
        <home-page jcr:primaryType="nt:unstructured">
            <content-par
                jcr:primaryType="nt:unstructured"
                sling:resourceType="wcm/foundation/components/parsys"
                components="[/apps/medtronic-com/components/hero,/apps/medtronic-com/components/content/subtemplates/level-1-subtemplate,/apps/medtronic-com/components/content/reference]">
                <section jcr:primaryType="nt:unstructured"/>
                <hero
                    jcr:lastModified="{Date}2015-11-12T20:39:53.738+05:30"
                    jcr:lastModifiedBy="admin"
                    jcr:primaryType="nt:unstructured"
                    sling:resourceType="medtronic-com/components/content/hero"
                    contentType="imagetext"
                    styleOption="brandframe"/>
                <level-1-subtemplate jcr:primaryType="nt:unstructured">
                    <par-biggie
                        jcr:primaryType="nt:unstructured"
                        sling:resourceType="medtronic-com/components/system/single-item-parsys"
                        components="[/apps/medtronic-com/components/content/subtemplate-slots/headline,/apps/medtronic-com/components/content/subtemplate-slots/inspirational,/apps/medtronic-com/components/content/subtemplate-slots/quote,/apps/medtronic-com/components/content/subtemplate-slots/featured-image,/apps/medtronic-com/components/content/subtemplate-slots/headline-with-isi]">
                        <section jcr:primaryType="nt:unstructured"/>
                    </par-biggie>
                    <par-mini
                        jcr:primaryType="nt:unstructured"
                        sling:resourceType="medtronic-com/components/system/single-item-parsys"
                        components="[/apps/medtronic-com/components/content/subtemplate-slots/decorative,/apps/medtronic-com/components/content/subtemplate-slots/headline,/apps/medtronic-com/components/content/subtemplate-slots/inspirational,/apps/medtronic-com/components/content/subtemplate-slots/quote,/apps/medtronic-com/components/content/subtemplate-slots/headline-with-isi,/apps/medtronic-com/components/content/subtemplate-slots/featured-image,/apps/medtronic-com/components/content/subtemplate-slots/video-mini,/apps/medtronic-com/components/content/subtemplate-slots/social-media-feed-mini]">
                        <section jcr:primaryType="nt:unstructured"/>
                    </par-mini>
                    <par-slender
                        jcr:primaryType="nt:unstructured"
                        sling:resourceType="medtronic-com/components/system/single-item-parsys"
                        components="[/apps/medtronic-com/components/content/subtemplate-slots/decorative,/apps/medtronic-com/components/content/subtemplate-slots/headline,/apps/medtronic-com/components/content/subtemplate-slots/inspirational,/apps/medtronic-com/components/content/subtemplate-slots/quote,/apps/medtronic-com/components/content/subtemplate-slots/image-text,/apps/medtronic-com/components/content/subtemplate-slots/featured-image,/apps/medtronic-com/components/content/subtemplate-slots/video-slender-squat,/apps/medtronic-com/components/content/subtemplate-slots/social-media-feed-slender-squat]">
                        <section jcr:primaryType="nt:unstructured"/>
                    </par-slender>
                    <par-squat
                        jcr:primaryType="nt:unstructured"
                        sling:resourceType="medtronic-com/components/system/single-item-parsys"
                        components="[/apps/medtronic-com/components/content/subtemplate-slots/decorative,/apps/medtronic-com/components/content/subtemplate-slots/headline,/apps/medtronic-com/components/content/subtemplate-slots/inspirational,/apps/medtronic-com/components/content/subtemplate-slots/quote,/apps/medtronic-com/components/content/subtemplate-slots/image-text,/apps/medtronic-com/components/content/subtemplate-slots/featured-image,/apps/medtronic-com/components/content/subtemplate-slots/video-slender-squat,/apps/medtronic-com/components/content/subtemplate-slots/social-media-feed-slender-squat]">
                        <section jcr:primaryType="nt:unstructured"/>
                    </par-squat>
                </level-1-subtemplate>
            </content-par>
        </home-page>
        <product-detail-page jcr:primaryType="nt:unstructured">
            <content-par
                jcr:primaryType="nt:unstructured"
                sling:resourceType="wcm/foundation/components/parsys"
                components="[/apps/medtronic-com/components/content/accordion,/apps/medtronic-com/components/content/download,/apps/medtronic-com/components/content/rich-text-editor,/apps/medtronic-com/components/content/title-text]">
                <section jcr:primaryType="nt:unstructured"/>
                <accordion
                    jcr:primaryType="nt:unstructured"
                    components="[/apps/medtronic-com/components/content/download,/apps/medtronic-com/components/content/title-text,/apps/medtronic-com/components/content/horizontal-rule-line,/apps/medtronic-com/components/content/reference-footnote,/apps/medtronic-com/components/content/responsive-column,/apps/medtronic-com/components/content/responsive-table,/apps/medtronic-com/components/content/rich-text-editor,/apps/medtronic-com/components/content/text-wrapped-image]">
                    <sectionPath
                        jcr:primaryType="nt:unstructured"
                        sling:resourceType="foundation/components/parsys">
                        <section jcr:primaryType="nt:unstructured"/>
                    </sectionPath>
                    <section jcr:primaryType="nt:unstructured"/>
                    <responsive-column
                        jcr:primaryType="nt:unstructured"
                        components="[/apps/medtronic-com/components/content/download,/apps/medtronic-com/components/content/rich-text-editor,/apps/medtronic-com/components/content/rich-text-editor,/apps/medtronic-com/components/content/text-wrapped-image,/apps/medtronic-com/components/content/title-text,/apps/medtronic-com/components/content/title-text-list,/apps/medtronic-com/components/content/title-text-asset,/apps/medtronic-com/components/content/horizontal-rule-line,/apps/medtronic-com/components/content/text-wrapped-image]"/>
                </accordion>
            </content-par>
            <content-par3
                jcr:primaryType="nt:unstructured"
                sling:resourceType="wcm/foundation/components/parsys"
                components="[/apps/medtronic-com/components/content/responsive-column,/apps/medtronic-com/components/content/similar-content,/apps/medtronic-com/components/content/text-wrapped-image,/apps/medtronic-com/components/content/title-text,/apps/medtronic-com/components/content/title-text-asset,/apps/medtronic-com/components/content/reference,/apps/medtronic-com/components/content/reference-footnote,/apps/medtronic-com/components/content/title-text-list]">
                <section jcr:primaryType="nt:unstructured"/>
                <responsive-column
                    jcr:primaryType="nt:unstructured"
                    components="[/apps/medtronic-com/components/content/download,/apps/medtronic-com/components/content/rich-text-editor,/apps/medtronic-com/components/content/rich-text-editor,/apps/medtronic-com/components/content/text-wrapped-image,/apps/medtronic-com/components/content/title-text,/apps/medtronic-com/components/content/title-text-list,/apps/medtronic-com/components/content/title-text-asset,/apps/medtronic-com/components/content/horizontal-rule-line,/apps/medtronic-com/components/content/text-wrapped-image]"/>            </content-par3>
            <content-par2
                jcr:primaryType="nt:unstructured"
                sling:resourceType="wcm/foundation/components/parsys"
                components="[/apps/medtronic-com/components/content/similar-content,/apps/medtronic-com/components/content/title-text-list,/apps/medtronic-com/components/content/title-text]">
                <section jcr:primaryType="nt:unstructured"/>
            </content-par2>
            <right-rail
                jcr:primaryType="nt:unstructured"
                components="[/apps/medtronic-com/components/content/call-to-action,/apps/medtronic-com/components/content/title-text,/apps/medtronic-com/components/content/title-text-list,/apps/medtronic-com/components/content/manual-related-links,/apps/medtronic-com/components/content/right-rail-contact-us,/apps/medtronic-com/components/content/title-text-asset,/apps/medtronic-com/components/content/subtemplates/side-rail-subtemplate]">
                <section jcr:primaryType="nt:unstructured"/>
                <side-rail-subtemplate jcr:primaryType="nt:unstructured">
                    <par-mini
                        jcr:primaryType="nt:unstructured"
                        components="[/apps/medtronic-com/components/content/subtemplate-slots/inspirational,/apps/medtronic-com/components/content/subtemplate-slots/quote,/apps/medtronic-com/components/content/subtemplate-slots/headline,/apps/medtronic-com/components/content/subtemplate-slots/headline-with-isi,/apps/medtronic-com/components/content/subtemplate-slots/decorative,/apps/medtronic-com/components/content/subtemplate-slots/featured-image,/apps/medtronic-com/components/content/subtemplate-slots/social-media-feed-mini,/apps/medtronic-com/components/content/subtemplate-slots/video-mini]">
                        <section jcr:primaryType="nt:unstructured"/>
                    </par-mini>
                    <par-slender
                        jcr:primaryType="nt:unstructured"
                        components="[/apps/medtronic-com/components/content/subtemplate-slots/inspirational,/apps/medtronic-com/components/content/subtemplate-slots/quote,/apps/medtronic-com/components/content/subtemplate-slots/headline,/apps/medtronic-com/components/content/subtemplate-slots/headline-with-isi,/apps/medtronic-com/components/content/subtemplate-slots/decorative,/apps/medtronic-com/components/content/subtemplate-slots/featured-image,/apps/medtronic-com/components/content/subtemplate-slots/image-text,/apps/medtronic-com/components/content/subtemplate-slots/video-slender-squat,/apps/medtronic-com/components/content/subtemplate-slots/social-media-feed-slender-squat]">
                        <section jcr:primaryType="nt:unstructured"/>
                    </par-slender>
                    <par-variable
                        jcr:primaryType="nt:unstructured"
                        components="[/apps/medtronic-com/components/content/subtemplate-slots/inspirational,/apps/medtronic-com/components/content/subtemplate-slots/quote,/apps/medtronic-com/components/content/subtemplate-slots/headline,/apps/medtronic-com/components/content/subtemplate-slots/headline-with-isi]">
                        <section jcr:primaryType="nt:unstructured"/>
                    </par-variable>
                </side-rail-subtemplate>
            </right-rail>
        </product-detail-page>
        <topic-page jcr:primaryType="nt:unstructured">
            <content-par
                jcr:lastModified="{Date}2015-11-12T17:15:45.306+05:30"
                jcr:lastModifiedBy="admin"
                jcr:primaryType="nt:unstructured"
                sling:resourceType="wcm/foundation/components/parsys"
                components="[/apps/medtronic-com/components/content/subtemplates/level-2-subtemplate,/apps/medtronic-com/components/content/reference-footnote,/apps/medtronic-com/components/content/reference]">
                <section jcr:primaryType="nt:unstructured"/>
                <level-2-subtemplate
                    jcr:created="{Date}2015-11-09T13:45:33.039+05:30"
                    jcr:createdBy="admin"
                    jcr:lastModified="{Date}2015-11-12T13:43:09.988+05:30"
                    jcr:lastModifiedBy="admin"
                    jcr:primaryType="nt:unstructured"
                    sling:resourceType="medtronic-com/components/content/subtemplates/level-2-subtemplate"
                    type="subtemplate-1">
                    <par-biggie
                        jcr:primaryType="nt:unstructured"
                        sling:resourceType="medtronic-com/components/system/single-item-parsys"
                        components="[/apps/medtronic-com/components/content/subtemplate-slots/headline,/apps/medtronic-com/components/content/subtemplate-slots/inspirational,/apps/medtronic-com/components/content/subtemplate-slots/quote,/apps/medtronic-com/components/content/subtemplate-slots/featured-image,/apps/medtronic-com/components/content/subtemplate-slots/headline-with-isi]">
                        <section jcr:primaryType="nt:unstructured"/>
                    </par-biggie>
                    <par-mini
                        jcr:primaryType="nt:unstructured"
                        sling:resourceType="medtronic-com/components/system/single-item-parsys"
                        components="[/apps/medtronic-com/components/content/subtemplate-slots/decorative,/apps/medtronic-com/components/content/subtemplate-slots/headline,/apps/medtronic-com/components/content/subtemplate-slots/inspirational,/apps/medtronic-com/components/content/subtemplate-slots/quote,/apps/medtronic-com/components/content/subtemplate-slots/headline-with-isi,/apps/medtronic-com/components/content/subtemplate-slots/featured-image,/apps/medtronic-com/components/content/subtemplate-slots/video-mini,/apps/medtronic-com/components/content/subtemplate-slots/social-media-feed-mini]">
                        <section jcr:primaryType="nt:unstructured"/>
                    </par-mini>
                    <par-slender
                        jcr:primaryType="nt:unstructured"
                        sling:resourceType="medtronic-com/components/system/single-item-parsys"
                        components="[/apps/medtronic-com/components/content/subtemplate-slots/decorative,/apps/medtronic-com/components/content/subtemplate-slots/headline,/apps/medtronic-com/components/content/subtemplate-slots/inspirational,/apps/medtronic-com/components/content/subtemplate-slots/quote,/apps/medtronic-com/components/content/subtemplate-slots/image-text,/apps/medtronic-com/components/content/subtemplate-slots/featured-image,/apps/medtronic-com/components/content/subtemplate-slots/video-slender-squat,/apps/medtronic-com/components/content/subtemplate-slots/headline-with-isi,/apps/medtronic-com/components/content/subtemplate-slots/social-media-feed-slender-squat]">
                        <section jcr:primaryType="nt:unstructured"/>
                    </par-slender>
                    <par-squat
                        jcr:primaryType="nt:unstructured"
                        sling:resourceType="medtronic-com/components/system/single-item-parsys"
                        components="[/apps/medtronic-com/components/content/subtemplate-slots/decorative,/apps/medtronic-com/components/content/subtemplate-slots/headline,/apps/medtronic-com/components/content/subtemplate-slots/inspirational,/apps/medtronic-com/components/content/subtemplate-slots/quote,/apps/medtronic-com/components/content/subtemplate-slots/image-text,/apps/medtronic-com/components/content/subtemplate-slots/featured-image,/apps/medtronic-com/components/content/subtemplate-slots/video-slender-squat,/apps/medtronic-com/components/content/subtemplate-slots/social-media-feed-slender-squat]">
                        <section jcr:primaryType="nt:unstructured"/>
                    </par-squat>
                </level-2-subtemplate>
            </content-par>
        </topic-page>
        <press-release jcr:primaryType="nt:unstructured">
            <content-par
                jcr:lastModified="{Date}2015-11-12T17:15:45.306+05:30"
                jcr:lastModifiedBy="admin"
                jcr:primaryType="nt:unstructured"
                sling:resourceType="wcm/foundation/components/parsys"
                components="[/apps/medtronic-com/components/content/reference,/apps/medtronic-com/components/content/rich-text-editor,/apps/medtronic-com/components/content/text-wrapped-image,/apps/medtronic-com/components/content/title-text,/apps/medtronic-com/components/content/title-text-list]">
                <section jcr:primaryType="nt:unstructured"/>
            </content-par>
            <pre-determined-par
                jcr:primaryType="nt:unstructured"
                sling:resourceType="wcm/foundation/components/parsys"
                components="[/apps/medtronic-com/components/content/reference-footnote,/apps/medtronic-com/components/content/contacts,/apps/medtronic-com/components/content/reference,/apps/medtronic-com/components/content/rich-text-editor,/apps/medtronic-com/components/content/text-wrapped-image,/apps/medtronic-com/components/content/title-text,/apps/medtronic-com/components/content/title-text-list]">
                <section jcr:primaryType="nt:unstructured"/>
            </pre-determined-par>
        </press-release>
        <biographies jcr:primaryType="nt:unstructured">
            <biographies-content-par
                jcr:primaryType="nt:unstructured"
                sling:resourceType="wcm/foundation/components/parsys"
                components="[/apps/medtronic-com/components/content/reference,/apps/medtronic-com/components/content/rich-text-editor,/apps/medtronic-com/components/content/text-wrapped-image]">
                <section jcr:primaryType="nt:unstructured"/>
            </biographies-content-par>
            <right-rail
                jcr:primaryType="nt:unstructured"
                sling:resourceType="wcm/foundation/components/parsys"
                components="[/apps/medtronic-com/components/content/call-to-action,/apps/medtronic-com/components/content/title-text,/apps/medtronic-com/components/content/title-text-list,/apps/medtronic-com/components/content/manual-related-links,/apps/medtronic-com/components/content/right-rail-contact-us,/apps/medtronic-com/components/content/title-text-asset,/apps/medtronic-com/components/content/subtemplates/side-rail-subtemplate]">
                <section jcr:primaryType="nt:unstructured"/>
                <side-rail-subtemplate jcr:primaryType="nt:unstructured">
                    <par-mini
                        jcr:primaryType="nt:unstructured"
                        components="[/apps/medtronic-com/components/content/subtemplate-slots/inspirational,/apps/medtronic-com/components/content/subtemplate-slots/quote,/apps/medtronic-com/components/content/subtemplate-slots/headline,/apps/medtronic-com/components/content/subtemplate-slots/headline-with-isi,/apps/medtronic-com/components/content/subtemplate-slots/decorative,/apps/medtronic-com/components/content/subtemplate-slots/featured-image,/apps/medtronic-com/components/content/subtemplate-slots/social-media-feed-mini,/apps/medtronic-com/components/content/subtemplate-slots/video-mini]">
                        <section jcr:primaryType="nt:unstructured"/>
                    </par-mini>
                    <par-slender
                        jcr:primaryType="nt:unstructured"
                        components="[/apps/medtronic-com/components/content/subtemplate-slots/inspirational,/apps/medtronic-com/components/content/subtemplate-slots/quote,/apps/medtronic-com/components/content/subtemplate-slots/headline,/apps/medtronic-com/components/content/subtemplate-slots/headline-with-isi,/apps/medtronic-com/components/content/subtemplate-slots/decorative,/apps/medtronic-com/components/content/subtemplate-slots/featured-image,/apps/medtronic-com/components/content/subtemplate-slots/image-text,/apps/medtronic-com/components/content/subtemplate-slots/video-slender-squat,/apps/medtronic-com/components/content/subtemplate-slots/social-media-feed-slender-squat]">
                        <section jcr:primaryType="nt:unstructured"/>
                    </par-slender>
                    <par-variable
                        jcr:primaryType="nt:unstructured"
                        components="[/apps/medtronic-com/components/content/subtemplate-slots/inspirational,/apps/medtronic-com/components/content/subtemplate-slots/quote,/apps/medtronic-com/components/content/subtemplate-slots/headline,/apps/medtronic-com/components/content/subtemplate-slots/headline-with-isi]">
                        <section jcr:primaryType="nt:unstructured"/>
                    </par-variable>
                </side-rail-subtemplate>
            </right-rail>
        </biographies>
        <authorable-page jcr:primaryType="nt:unstructured">
            <content-par
                jcr:primaryType="nt:unstructured"
                sling:resourceType="wcm/foundation/components/parsys"
                components="[/apps/medtronic-com/components/content/disclaimer,/apps/medtronic-com/components/content/rich-text-editor]"/>
        </authorable-page>
        <testimonial jcr:primaryType="nt:unstructured">
            <content-par
                jcr:primaryType="nt:unstructured"
                sling:resourceType="wcm/foundation/components/parsys"
                components="[/apps/medtronic-com/components/content/testimonial-hero,/apps/medtronic-com/components/content/subtemplate-slots/quote]">
                <section jcr:primaryType="nt:unstructured"/>
            </content-par>
            <content-par2
                jcr:primaryType="nt:unstructured"
                sling:resourceType="wcm/foundation/components/parsys"
                components="[/apps/medtronic-com/components/content/accordion,/apps/medtronic-com/components/content/call-to-action,/apps/medtronic-com/components/content/contacts,/apps/medtronic-com/components/content/download,/apps/medtronic-com/components/content/horizontal-rule-line,/apps/medtronic-com/components/content/reference,/apps/medtronic-com/components/content/reference-footnote,/apps/medtronic-com/components/content/responsive-column,/apps/medtronic-com/components/content/responsive-table,/apps/medtronic-com/components/content/rich-text-editor,/apps/medtronic-com/components/content/similar-content,/apps/medtronic-com/components/content/text-wrapped-image,/apps/medtronic-com/components/content/title-text,/apps/medtronic-com/components/content/title-text-asset,/apps/medtronic-com/components/content/title-text-list]">
                <section jcr:primaryType="nt:unstructured"/>
                <accordion
                    jcr:primaryType="nt:unstructured"
                    components="[/apps/medtronic-com/components/content/title-text-list,/apps/medtronic-com/components/content/title-text,/apps/medtronic-com/components/content/responsive-table,/apps/medtronic-com/components/content/responsive-column,/apps/medtronic-com/components/content/download]">
                    <section jcr:primaryType="nt:unstructured"/>
                    <responsive-column
                        jcr:primaryType="nt:unstructured"
                        components="[/apps/medtronic-com/components/content/download,/apps/medtronic-com/components/content/rich-text-editor,/apps/medtronic-com/components/content/rich-text-editor,/apps/medtronic-com/components/content/text-wrapped-image,/apps/medtronic-com/components/content/title-text,/apps/medtronic-com/components/content/title-text-list,/apps/medtronic-com/components/content/title-text-asset,/apps/medtronic-com/components/content/horizontal-rule-line,/apps/medtronic-com/components/content/text-wrapped-image]"/>
                </accordion>
                <responsive-column
                    jcr:primaryType="nt:unstructured"
                    components="[/apps/medtronic-com/components/content/download,/apps/medtronic-com/components/content/rich-text-editor,/apps/medtronic-com/components/content/rich-text-editor,/apps/medtronic-com/components/content/text-wrapped-image,/apps/medtronic-com/components/content/title-text,/apps/medtronic-com/components/content/title-text-list,/apps/medtronic-com/components/content/title-text-asset,/apps/medtronic-com/components/content/horizontal-rule-line,/apps/medtronic-com/components/content/text-wrapped-image]"/>
            </content-par2>
            <right-rail
                jcr:primaryType="nt:unstructured"
                sling:resourceType="wcm/foundation/components/parsys"
                components="[/apps/medtronic-com/components/content/call-to-action,/apps/medtronic-com/components/content/right-rail-contact-us,/apps/medtronic-com/components/content/download,/apps/medtronic-com/components/content/horizontal-rule-line,/apps/medtronic-com/components/content/manual-related-links,/apps/medtronic-com/components/content/rich-text-editor,/apps/medtronic-com/components/content/title-text,/apps/medtronic-com/components/content/title-text-asset,/apps/medtronic-com/components/content/title-text-list,/apps/medtronic-com/components/content/subtemplates/side-rail-subtemplate]">
                <section jcr:primaryType="nt:unstructured"/>
                <side-rail-subtemplate jcr:primaryType="nt:unstructured">
                    <par-mini
                        jcr:primaryType="nt:unstructured"
                        components="[/apps/medtronic-com/components/content/subtemplate-slots/inspirational,/apps/medtronic-com/components/content/subtemplate-slots/quote,/apps/medtronic-com/components/content/subtemplate-slots/headline,/apps/medtronic-com/components/content/subtemplate-slots/headline-with-isi,/apps/medtronic-com/components/content/subtemplate-slots/decorative,/apps/medtronic-com/components/content/subtemplate-slots/featured-image,/apps/medtronic-com/components/content/subtemplate-slots/social-media-feed-mini,/apps/medtronic-com/components/content/subtemplate-slots/video-mini]">
                        <section jcr:primaryType="nt:unstructured"/>
                    </par-mini>
                    <par-slender
                        jcr:primaryType="nt:unstructured"
                        components="[/apps/medtronic-com/components/content/subtemplate-slots/inspirational,/apps/medtronic-com/components/content/subtemplate-slots/quote,/apps/medtronic-com/components/content/subtemplate-slots/headline,/apps/medtronic-com/components/content/subtemplate-slots/headline-with-isi,/apps/medtronic-com/components/content/subtemplate-slots/decorative,/apps/medtronic-com/components/content/subtemplate-slots/featured-image,/apps/medtronic-com/components/content/subtemplate-slots/image-text,/apps/medtronic-com/components/content/subtemplate-slots/video-slender-squat,/apps/medtronic-com/components/content/subtemplate-slots/social-media-feed-slender-squat]">
                        <section jcr:primaryType="nt:unstructured"/>
                    </par-slender>
                    <par-variable
                        jcr:primaryType="nt:unstructured"
                        components="[/apps/medtronic-com/components/content/subtemplate-slots/inspirational,/apps/medtronic-com/components/content/subtemplate-slots/quote,/apps/medtronic-com/components/content/subtemplate-slots/headline,/apps/medtronic-com/components/content/subtemplate-slots/headline-with-isi]">
                        <section jcr:primaryType="nt:unstructured"/>
                    </par-variable>
                </side-rail-subtemplate>
            </right-rail>
        </testimonial>
        <one-column-general-detail jcr:primaryType="nt:unstructured">
            <content-par
                jcr:primaryType="nt:unstructured"
                sling:resourceType="wcm/foundation/components/parsys"
                components="[/apps/medtronic-com/components/content/accordion,/apps/medtronic-com/components/content/call-to-action,/apps/medtronic-com/components/content/contacts,/apps/medtronic-com/components/content/download,/apps/medtronic-com/components/content/hero,/apps/medtronic-com/components/content/horizontal-rule-line,/apps/medtronic-com/components/content/reference-footnote,/apps/medtronic-com/components/content/responsive-column,/apps/medtronic-com/components/content/responsive-table,/apps/medtronic-com/components/content/rich-text-editor,/apps/medtronic-com/components/content/similar-content,/apps/medtronic-com/components/content/text-wrapped-image,/apps/medtronic-com/components/content/title-text,/apps/medtronic-com/components/content/title-text-asset,/apps/medtronic-com/components/content/title-text-list,/apps/medtronic-com/components/content/reference]">
                <section jcr:primaryType="nt:unstructured"/>
                <accordion
                    jcr:primaryType="nt:unstructured"
                    components="[/apps/medtronic-com/components/content/title-text-list,/apps/medtronic-com/components/content/title-text,/apps/medtronic-com/components/content/responsive-table,/apps/medtronic-com/components/content/responsive-column,/apps/medtronic-com/components/content/download]">
                    <section jcr:primaryType="nt:unstructured"/>
                    <responsive-column
                        jcr:primaryType="nt:unstructured"
                        components="[/apps/medtronic-com/components/content/download,/apps/medtronic-com/components/content/rich-text-editor,/apps/medtronic-com/components/content/rich-text-editor,/apps/medtronic-com/components/content/text-wrapped-image,/apps/medtronic-com/components/content/title-text,/apps/medtronic-com/components/content/title-text-list,/apps/medtronic-com/components/content/title-text-asset,/apps/medtronic-com/components/content/horizontal-rule-line,/apps/medtronic-com/components/content/text-wrapped-image]"/>
                </accordion>
                <responsive-column
                    jcr:primaryType="nt:unstructured"
                    components="[/apps/medtronic-com/components/content/download,/apps/medtronic-com/components/content/rich-text-editor,/apps/medtronic-com/components/content/rich-text-editor,/apps/medtronic-com/components/content/text-wrapped-image,/apps/medtronic-com/components/content/title-text,/apps/medtronic-com/components/content/title-text-list,/apps/medtronic-com/components/content/title-text-asset,/apps/medtronic-com/components/content/horizontal-rule-line,/apps/medtronic-com/components/content/text-wrapped-image]"/>
            </content-par>
        </one-column-general-detail>
        <two-column-general-detail jcr:primaryType="nt:unstructured">
            <content-par
                jcr:primaryType="nt:unstructured"
                sling:resourceType="wcm/foundation/components/parsys"
                components="[/apps/medtronic-com/components/content/accordion,/apps/medtronic-com/components/content/call-to-action,/apps/medtronic-com/components/content/contacts,/apps/medtronic-com/components/content/download,/apps/medtronic-com/components/content/horizontal-rule-line,/apps/medtronic-com/components/content/reference-footnote,/apps/medtronic-com/components/content/responsive-column,/apps/medtronic-com/components/content/responsive-table,/apps/medtronic-com/components/content/rich-text-editor,/apps/medtronic-com/components/content/similar-content,/apps/medtronic-com/components/content/text-wrapped-image,/apps/medtronic-com/components/content/title-text,/apps/medtronic-com/components/content/title-text-asset,/apps/medtronic-com/components/content/title-text-list,/apps/medtronic-com/components/content/reference]">
                <section jcr:primaryType="nt:unstructured"/>
                <accordion
                    jcr:primaryType="nt:unstructured"
                    components="[/apps/medtronic-com/components/content/title-text-list,/apps/medtronic-com/components/content/title-text,/apps/medtronic-com/components/content/responsive-table,/apps/medtronic-com/components/content/responsive-column,/apps/medtronic-com/components/content/download]">
                    <section jcr:primaryType="nt:unstructured"/>
                    <responsive-column
                        jcr:primaryType="nt:unstructured"
                        components="[/apps/medtronic-com/components/content/download,/apps/medtronic-com/components/content/rich-text-editor,/apps/medtronic-com/components/content/rich-text-editor,/apps/medtronic-com/components/content/text-wrapped-image,/apps/medtronic-com/components/content/title-text,/apps/medtronic-com/components/content/title-text-list,/apps/medtronic-com/components/content/title-text-asset,/apps/medtronic-com/components/content/horizontal-rule-line,/apps/medtronic-com/components/content/text-wrapped-image]"/>
                </accordion>
                <responsive-column
                    jcr:primaryType="nt:unstructured"
                    components="[/apps/medtronic-com/components/content/download,/apps/medtronic-com/components/content/rich-text-editor,/apps/medtronic-com/components/content/rich-text-editor,/apps/medtronic-com/components/content/text-wrapped-image,/apps/medtronic-com/components/content/title-text,/apps/medtronic-com/components/content/title-text-list,/apps/medtronic-com/components/content/title-text-asset,/apps/medtronic-com/components/content/horizontal-rule-line,/apps/medtronic-com/components/content/text-wrapped-image]"/>
            </content-par>
            <right-par
                jcr:primaryType="nt:unstructured"
                sling:resourceType="wcm/foundation/components/parsys"
                components="[/apps/medtronic-com/components/content/call-to-action,/apps/medtronic-com/components/content/title-text,/apps/medtronic-com/components/content/title-text-list,/apps/medtronic-com/components/content/manual-related-links,/apps/medtronic-com/components/content/right-rail-contact-us,/apps/medtronic-com/components/content/title-text-asset,/apps/medtronic-com/components/content/subtemplates/side-rail-subtemplate]">
                <section jcr:primaryType="nt:unstructured"/>
                <side-rail-subtemplate jcr:primaryType="nt:unstructured">
                    <par-mini
                        jcr:primaryType="nt:unstructured"
                        components="[/apps/medtronic-com/components/content/subtemplate-slots/inspirational,/apps/medtronic-com/components/content/subtemplate-slots/quote,/apps/medtronic-com/components/content/subtemplate-slots/headline,/apps/medtronic-com/components/content/subtemplate-slots/headline-with-isi,/apps/medtronic-com/components/content/subtemplate-slots/decorative,/apps/medtronic-com/components/content/subtemplate-slots/featured-image,/apps/medtronic-com/components/content/subtemplate-slots/social-media-feed-mini,/apps/medtronic-com/components/content/subtemplate-slots/video-mini]">
                        <section jcr:primaryType="nt:unstructured"/>
                    </par-mini>
                    <par-slender
                        jcr:primaryType="nt:unstructured"
                        components="[/apps/medtronic-com/components/content/subtemplate-slots/inspirational,/apps/medtronic-com/components/content/subtemplate-slots/quote,/apps/medtronic-com/components/content/subtemplate-slots/headline,/apps/medtronic-com/components/content/subtemplate-slots/headline-with-isi,/apps/medtronic-com/components/content/subtemplate-slots/decorative,/apps/medtronic-com/components/content/subtemplate-slots/featured-image,/apps/medtronic-com/components/content/subtemplate-slots/image-text,/apps/medtronic-com/components/content/subtemplate-slots/video-slender-squat,/apps/medtronic-com/components/content/subtemplate-slots/social-media-feed-slender-squat]">
                        <section jcr:primaryType="nt:unstructured"/>
                    </par-slender>
                    <par-variable
                        jcr:primaryType="nt:unstructured"
                        components="[/apps/medtronic-com/components/content/subtemplate-slots/inspirational,/apps/medtronic-com/components/content/subtemplate-slots/quote,/apps/medtronic-com/components/content/subtemplate-slots/headline,/apps/medtronic-com/components/content/subtemplate-slots/headline-with-isi]">
                        <section jcr:primaryType="nt:unstructured"/>
                    </par-variable>
                </side-rail-subtemplate>
            </right-par>
        </two-column-general-detail>
        <condition-detail-page jcr:primaryType="nt:unstructured">
            <condition-content-par
                jcr:primaryType="nt:unstructured"
                sling:resourceType="wcm/foundation/components/parsys"
                components="[/apps/medtronic-com/components/content/accordion,/apps/medtronic-com/components/content/similar-content,/apps/medtronic-com/components/content/rich-text-editor]">
                <section jcr:primaryType="nt:unstructured"/>
                <accordion
                    jcr:primaryType="nt:unstructured"
                    components="[/apps/medtronic-com/components/content/download,/apps/medtronic-com/components/content/title-text,/apps/medtronic-com/components/content/horizontal-rule-line,/apps/medtronic-com/components/content/reference-footnote,/apps/medtronic-com/components/content/responsive-column,/apps/medtronic-com/components/content/responsive-table,/apps/medtronic-com/components/content/rich-text-editor,/apps/medtronic-com/components/content/text-wrapped-image]">
                    <sectionPath
                        jcr:primaryType="nt:unstructured"
                        sling:resourceType="foundation/components/parsys">
                        <section jcr:primaryType="nt:unstructured"/>
                    </sectionPath>
                    <section jcr:primaryType="nt:unstructured"/>
                    <responsive-column
                        jcr:primaryType="nt:unstructured"
                        components="[/apps/medtronic-com/components/content/download,/apps/medtronic-com/components/content/rich-text-editor,/apps/medtronic-com/components/content/rich-text-editor,/apps/medtronic-com/components/content/text-wrapped-image,/apps/medtronic-com/components/content/title-text,/apps/medtronic-com/components/content/title-text-list,/apps/medtronic-com/components/content/title-text-asset,/apps/medtronic-com/components/content/horizontal-rule-line,/apps/medtronic-com/components/content/text-wrapped-image]"/>                </accordion>
            </condition-content-par>
            <right-rail
                jcr:primaryType="nt:unstructured"
                components="[/apps/medtronic-com/components/content/title-text-list,/apps/medtronic-com/components/content/rich-text-editor,/apps/medtronic-com/components/content/manual-related-links,/apps/medtronic-com/components/content/title-text,/apps/medtronic-com/components/content/download,/apps/medtronic-com/components/content/title-text-asset,/apps/medtronic-com/components/content/call-to-action,/apps/medtronic-com/components/content/horizontal-rule-line,/apps/medtronic-com/components/content/right-rail-contact-us,/apps/medtronic-com/components/content/subtemplates/side-rail-subtemplate]">
                <section jcr:primaryType="nt:unstructured"/>
                <side-rail-subtemplate jcr:primaryType="nt:unstructured">
                    <par-mini
                        jcr:primaryType="nt:unstructured"
                        components="[/apps/medtronic-com/components/content/subtemplate-slots/inspirational,/apps/medtronic-com/components/content/subtemplate-slots/quote,/apps/medtronic-com/components/content/subtemplate-slots/headline,/apps/medtronic-com/components/content/subtemplate-slots/headline-with-isi,/apps/medtronic-com/components/content/subtemplate-slots/decorative,/apps/medtronic-com/components/content/subtemplate-slots/featured-image,/apps/medtronic-com/components/content/subtemplate-slots/social-media-feed-mini,/apps/medtronic-com/components/content/subtemplate-slots/video-mini]">
                        <section jcr:primaryType="nt:unstructured"/>
                    </par-mini>
                    <par-slender
                        jcr:primaryType="nt:unstructured"
                        components="[/apps/medtronic-com/components/content/subtemplate-slots/inspirational,/apps/medtronic-com/components/content/subtemplate-slots/quote,/apps/medtronic-com/components/content/subtemplate-slots/headline,/apps/medtronic-com/components/content/subtemplate-slots/headline-with-isi,/apps/medtronic-com/components/content/subtemplate-slots/decorative,/apps/medtronic-com/components/content/subtemplate-slots/featured-image,/apps/medtronic-com/components/content/subtemplate-slots/image-text,/apps/medtronic-com/components/content/subtemplate-slots/video-slender-squat,/apps/medtronic-com/components/content/subtemplate-slots/social-media-feed-slender-squat]">
                        <section jcr:primaryType="nt:unstructured"/>
                    </par-slender>
                    <par-variable
                        jcr:primaryType="nt:unstructured"
                        components="[/apps/medtronic-com/components/content/subtemplate-slots/inspirational,/apps/medtronic-com/components/content/subtemplate-slots/quote,/apps/medtronic-com/components/content/subtemplate-slots/headline,/apps/medtronic-com/components/content/subtemplate-slots/headline-with-isi]">
                        <section jcr:primaryType="nt:unstructured"/>
                    </par-variable>
                </side-rail-subtemplate>
            </right-rail>
            <content-par2
                jcr:primaryType="nt:unstructured"
                sling:resourceType="wcm/foundation/components/parsys"
                components="[/apps/medtronic-com/components/content/reference,/apps/medtronic-com/components/content/title-text-list,/apps/medtronic-com/components/content/similar-content,/apps/medtronic-com/components/content/accordion,/apps/medtronic-com/components/content/rich-text-editor,/apps/medtronic-com/components/content/contacts,/apps/medtronic-com/components/content/reference-footnote,/apps/medtronic-com/components/content/responsive-column,/apps/medtronic-com/components/content/text-wrapped-image,/apps/medtronic-com/components/content/title-text,/apps/medtronic-com/components/content/download,/apps/medtronic-com/components/content/title-text-asset,/apps/medtronic-com/components/content/call-to-action,/apps/medtronic-com/components/content/horizontal-rule-line,/apps/medtronic-com/components/content/responsive-table]">
                <section jcr:primaryType="nt:unstructured"/>
                <accordion
                    jcr:primaryType="nt:unstructured"
                    components="[/apps/medtronic-com/components/content/download,/apps/medtronic-com/components/content/title-text,/apps/medtronic-com/components/content/horizontal-rule-line,/apps/medtronic-com/components/content/reference-footnote,/apps/medtronic-com/components/content/responsive-column,/apps/medtronic-com/components/content/responsive-table,/apps/medtronic-com/components/content/rich-text-editor,/apps/medtronic-com/components/content/text-wrapped-image]">
                    <sectionPath
                        jcr:primaryType="nt:unstructured"
                        sling:resourceType="foundation/components/parsys">
                        <section jcr:primaryType="nt:unstructured"/>
                    </sectionPath>
                    <section jcr:primaryType="nt:unstructured"/>
                    <responsive-column
                        jcr:primaryType="nt:unstructured"
                        components="[/apps/medtronic-com/components/content/download,/apps/medtronic-com/components/content/rich-text-editor,/apps/medtronic-com/components/content/rich-text-editor,/apps/medtronic-com/components/content/text-wrapped-image,/apps/medtronic-com/components/content/title-text,/apps/medtronic-com/components/content/title-text-list,/apps/medtronic-com/components/content/title-text-asset,/apps/medtronic-com/components/content/horizontal-rule-line,/apps/medtronic-com/components/content/text-wrapped-image]"/>                </accordion>
                <responsive-column
                    jcr:primaryType="nt:unstructured"
                    components="[/apps/medtronic-com/components/content/download,/apps/medtronic-com/components/content/rich-text-editor,/apps/medtronic-com/components/content/rich-text-editor,/apps/medtronic-com/components/content/text-wrapped-image,/apps/medtronic-com/components/content/title-text,/apps/medtronic-com/components/content/title-text-list,/apps/medtronic-com/components/content/title-text-asset,/apps/medtronic-com/components/content/horizontal-rule-line,/apps/medtronic-com/components/content/text-wrapped-image]"/>            </content-par2>
        </condition-detail-page>
        <therapy-detail-page jcr:primaryType="nt:unstructured">
            <therapy-content-par
                jcr:primaryType="nt:unstructured"
                sling:resourceType="wcm/foundation/components/parsys"
                components="[/apps/medtronic-com/components/content/accordion,/apps/medtronic-com/components/content/similar-content,/apps/medtronic-com/components/content/rich-text-editor]">
                <section jcr:primaryType="nt:unstructured"/>
                <accordion
                    jcr:primaryType="nt:unstructured"
                    components="[/apps/medtronic-com/components/content/download,/apps/medtronic-com/components/content/title-text,/apps/medtronic-com/components/content/horizontal-rule-line,/apps/medtronic-com/components/content/reference-footnote,/apps/medtronic-com/components/content/responsive-column,/apps/medtronic-com/components/content/responsive-table,/apps/medtronic-com/components/content/rich-text-editor,/apps/medtronic-com/components/content/text-wrapped-image]">
                    <sectionPath
                        jcr:primaryType="nt:unstructured"
                        sling:resourceType="foundation/components/parsys">
                        <section jcr:primaryType="nt:unstructured"/>
                    </sectionPath>
                    <section jcr:primaryType="nt:unstructured"/>
                    <responsive-column
                        jcr:primaryType="nt:unstructured"
                        components="[/apps/medtronic-com/components/content/download,/apps/medtronic-com/components/content/rich-text-editor,/apps/medtronic-com/components/content/rich-text-editor,/apps/medtronic-com/components/content/text-wrapped-image,/apps/medtronic-com/components/content/title-text,/apps/medtronic-com/components/content/title-text-list,/apps/medtronic-com/components/content/title-text-asset,/apps/medtronic-com/components/content/horizontal-rule-line,/apps/medtronic-com/components/content/text-wrapped-image]"/>                </accordion>
            </therapy-content-par>
            <right-rail
                jcr:primaryType="nt:unstructured"
                components="[/apps/medtronic-com/components/content/title-text-list,/apps/medtronic-com/components/content/rich-text-editor,/apps/medtronic-com/components/content/manual-related-links,/apps/medtronic-com/components/content/title-text,/apps/medtronic-com/components/content/download,/apps/medtronic-com/components/content/title-text-asset,/apps/medtronic-com/components/content/call-to-action,/apps/medtronic-com/components/content/horizontal-rule-line,/apps/medtronic-com/components/content/right-rail-contact-us,/apps/medtronic-com/components/content/subtemplates/side-rail-subtemplate]">
                <section jcr:primaryType="nt:unstructured"/>
                <side-rail-subtemplate jcr:primaryType="nt:unstructured">
                    <par-mini
                        jcr:primaryType="nt:unstructured"
                        components="[/apps/medtronic-com/components/content/subtemplate-slots/inspirational,/apps/medtronic-com/components/content/subtemplate-slots/quote,/apps/medtronic-com/components/content/subtemplate-slots/headline,/apps/medtronic-com/components/content/subtemplate-slots/headline-with-isi,/apps/medtronic-com/components/content/subtemplate-slots/decorative,/apps/medtronic-com/components/content/subtemplate-slots/featured-image,/apps/medtronic-com/components/content/subtemplate-slots/social-media-feed-mini,/apps/medtronic-com/components/content/subtemplate-slots/video-mini]">
                        <section jcr:primaryType="nt:unstructured"/>
                    </par-mini>
                    <par-slender
                        jcr:primaryType="nt:unstructured"
                        components="[/apps/medtronic-com/components/content/subtemplate-slots/inspirational,/apps/medtronic-com/components/content/subtemplate-slots/quote,/apps/medtronic-com/components/content/subtemplate-slots/headline,/apps/medtronic-com/components/content/subtemplate-slots/headline-with-isi,/apps/medtronic-com/components/content/subtemplate-slots/decorative,/apps/medtronic-com/components/content/subtemplate-slots/featured-image,/apps/medtronic-com/components/content/subtemplate-slots/image-text,/apps/medtronic-com/components/content/subtemplate-slots/video-slender-squat,/apps/medtronic-com/components/content/subtemplate-slots/social-media-feed-slender-squat]">
                        <section jcr:primaryType="nt:unstructured"/>
                    </par-slender>
                    <par-variable
                        jcr:primaryType="nt:unstructured"
                        components="[/apps/medtronic-com/components/content/subtemplate-slots/inspirational,/apps/medtronic-com/components/content/subtemplate-slots/quote,/apps/medtronic-com/components/content/subtemplate-slots/headline,/apps/medtronic-com/components/content/subtemplate-slots/headline-with-isi]">
                        <section jcr:primaryType="nt:unstructured"/>
                    </par-variable>
                </side-rail-subtemplate>
            </right-rail>
            <content-par2
                jcr:primaryType="nt:unstructured"
                sling:resourceType="wcm/foundation/components/parsys"
                components="[/apps/medtronic-com/components/content/responsive-table,/apps/medtronic-com/components/content/reference,/apps/medtronic-com/components/content/title-text-list,/apps/medtronic-com/components/content/similar-content,/apps/medtronic-com/components/content/accordion,/apps/medtronic-com/components/content/rich-text-editor,/apps/medtronic-com/components/content/contacts,/apps/medtronic-com/components/content/reference-footnote,/apps/medtronic-com/components/content/responsive-column,/apps/medtronic-com/components/content/text-wrapped-image,/apps/medtronic-com/components/content/title-text,/apps/medtronic-com/components/content/download,/apps/medtronic-com/components/content/title-text-asset,/apps/medtronic-com/components/content/call-to-action,/apps/medtronic-com/components/content/horizontal-rule-line]">
                <section jcr:primaryType="nt:unstructured"/>
                <accordion
                    jcr:primaryType="nt:unstructured"
                    components="[/apps/medtronic-com/components/content/download,/apps/medtronic-com/components/content/title-text,/apps/medtronic-com/components/content/horizontal-rule-line,/apps/medtronic-com/components/content/reference-footnote,/apps/medtronic-com/components/content/responsive-column,/apps/medtronic-com/components/content/responsive-table,/apps/medtronic-com/components/content/rich-text-editor,/apps/medtronic-com/components/content/text-wrapped-image]">
                    <section jcr:primaryType="nt:unstructured"/>
                    <sectionPath
                        jcr:primaryType="nt:unstructured"
                        sling:resourceType="foundation/components/parsys">
                        <section jcr:primaryType="nt:unstructured"/>
                    </sectionPath>
                    <responsive-column
                        jcr:primaryType="nt:unstructured"
                        components="[/apps/medtronic-com/components/content/download,/apps/medtronic-com/components/content/rich-text-editor,/apps/medtronic-com/components/content/rich-text-editor,/apps/medtronic-com/components/content/text-wrapped-image,/apps/medtronic-com/components/content/title-text,/apps/medtronic-com/components/content/title-text-list,/apps/medtronic-com/components/content/title-text-asset,/apps/medtronic-com/components/content/horizontal-rule-line,/apps/medtronic-com/components/content/text-wrapped-image]"/>                </accordion>
                <responsive-column
                    jcr:primaryType="nt:unstructured"
                    components="[/apps/medtronic-com/components/content/download,/apps/medtronic-com/components/content/rich-text-editor,/apps/medtronic-com/components/content/rich-text-editor,/apps/medtronic-com/components/content/text-wrapped-image,/apps/medtronic-com/components/content/title-text,/apps/medtronic-com/components/content/title-text-list,/apps/medtronic-com/components/content/title-text-asset,/apps/medtronic-com/components/content/horizontal-rule-line,/apps/medtronic-com/components/content/text-wrapped-image]"/>            </content-par2>
        </therapy-detail-page>
        <menu-landing-page jcr:primaryType="nt:unstructured">
            <menu-hero-par
                jcr:primaryType="nt:unstructured"
                sling:resourceType="wcm/foundation/components/parsys"
                components="[/apps/medtronic-com/components/content/hero]"/>
            <menu-content-par
                jcr:primaryType="nt:unstructured"
                sling:resourceType="wcm/foundation/components/parsys"
                components="[/apps/medtronic-com/components/content/responsive-table,/apps/medtronic-com/components/content/title-text-list,/apps/medtronic-com/components/content/similar-content,/apps/medtronic-com/components/content/accordion,/apps/medtronic-com/components/content/rich-text-editor,/apps/medtronic-com/components/content/contacts,/apps/medtronic-com/components/content/reference-footnote,/apps/medtronic-com/components/content/responsive-column,/apps/medtronic-com/components/content/text-wrapped-image,/apps/medtronic-com/components/content/title-text,/apps/medtronic-com/components/content/call-to-action,/apps/medtronic-com/components/content/download,/apps/medtronic-com/components/content/title-text-asset,/apps/medtronic-com/components/content/horizontal-rule-line,/apps/medtronic-com/components/content/reference]">
                <accordion
                    jcr:primaryType="nt:unstructured"
                    components="[/apps/medtronic-com/components/content/title-text-list,/apps/medtronic-com/components/content/title-text,/apps/medtronic-com/components/content/responsive-table,/apps/medtronic-com/components/content/responsive-column,/apps/medtronic-com/components/content/download]">
                    <section jcr:primaryType="nt:unstructured"/>
                    <responsive-column
                        jcr:primaryType="nt:unstructured"
                        components="[/apps/medtronic-com/components/content/download,/apps/medtronic-com/components/content/rich-text-editor,/apps/medtronic-com/components/content/rich-text-editor,/apps/medtronic-com/components/content/text-wrapped-image,/apps/medtronic-com/components/content/title-text,/apps/medtronic-com/components/content/title-text-list,/apps/medtronic-com/components/content/title-text-asset,/apps/medtronic-com/components/content/horizontal-rule-line,/apps/medtronic-com/components/content/text-wrapped-image]"/>
                </accordion>
                <responsive-column
                    jcr:primaryType="nt:unstructured"
                    components="[/apps/medtronic-com/components/content/download,/apps/medtronic-com/components/content/rich-text-editor,/apps/medtronic-com/components/content/rich-text-editor,/apps/medtronic-com/components/content/text-wrapped-image,/apps/medtronic-com/components/content/title-text,/apps/medtronic-com/components/content/title-text-list,/apps/medtronic-com/components/content/title-text-asset,/apps/medtronic-com/components/content/horizontal-rule-line,/apps/medtronic-com/components/content/text-wrapped-image]"/>
            </menu-content-par>
            <right-rail
                jcr:primaryType="nt:unstructured"
                sling:resourceType="wcm/foundation/components/parsys"
                components="[/apps/medtronic-com/components/content/title-text-list,/apps/medtronic-com/components/content/rich-text-editor,/apps/medtronic-com/components/content/manual-related-links,/apps/medtronic-com/components/content/title-text,/apps/medtronic-com/components/content/download,/apps/medtronic-com/components/content/title-text-asset,/apps/medtronic-com/components/content/call-to-action,/apps/medtronic-com/components/content/horizontal-rule-line,/apps/medtronic-com/components/content/right-rail-contact-us,/apps/medtronic-com/components/content/subtemplates/side-rail-subtemplate]">
                <side-rail-subtemplate jcr:primaryType="nt:unstructured">
                    <par-mini
                        jcr:primaryType="nt:unstructured"
                        components="[/apps/medtronic-com/components/content/subtemplate-slots/inspirational,/apps/medtronic-com/components/content/subtemplate-slots/quote,/apps/medtronic-com/components/content/subtemplate-slots/headline,/apps/medtronic-com/components/content/subtemplate-slots/headline-with-isi,/apps/medtronic-com/components/content/subtemplate-slots/decorative,/apps/medtronic-com/components/content/subtemplate-slots/featured-image,/apps/medtronic-com/components/content/subtemplate-slots/social-media-feed-mini,/apps/medtronic-com/components/content/subtemplate-slots/video-mini]">
                        <section jcr:primaryType="nt:unstructured"/>
                    </par-mini>
                    <par-slender
                        jcr:primaryType="nt:unstructured"
                        components="[/apps/medtronic-com/components/content/subtemplate-slots/inspirational,/apps/medtronic-com/components/content/subtemplate-slots/quote,/apps/medtronic-com/components/content/subtemplate-slots/headline,/apps/medtronic-com/components/content/subtemplate-slots/headline-with-isi,/apps/medtronic-com/components/content/subtemplate-slots/decorative,/apps/medtronic-com/components/content/subtemplate-slots/featured-image,/apps/medtronic-com/components/content/subtemplate-slots/image-text,/apps/medtronic-com/components/content/subtemplate-slots/video-slender-squat,/apps/medtronic-com/components/content/subtemplate-slots/social-media-feed-slender-squat]">
                        <section jcr:primaryType="nt:unstructured"/>
                    </par-slender>
                    <par-variable
                        jcr:primaryType="nt:unstructured"
                        components="[/apps/medtronic-com/components/content/subtemplate-slots/inspirational,/apps/medtronic-com/components/content/subtemplate-slots/quote,/apps/medtronic-com/components/content/subtemplate-slots/headline,/apps/medtronic-com/components/content/subtemplate-slots/headline-with-isi]">
                        <section jcr:primaryType="nt:unstructured"/>
                    </par-variable>
                </side-rail-subtemplate>
            </right-rail>
        </menu-landing-page>
        <error-page jcr:primaryType="nt:unstructured">
            <content-par
                jcr:lastModified="{Date}2016-01-22T18:21:52.906+05:30"
                jcr:lastModifiedBy="admin"
                jcr:primaryType="nt:unstructured"
                components="[/apps/medtronic-com/components/content/title-text,/apps/medtronic-com/components/content/rich-text-editor]">
                <section jcr:primaryType="nt:unstructured"/>
            </content-par>
        </error-page>
        <site-root-page jcr:primaryType="nt:unstructured">
            <header-par
                jcr:lastModified="{Date}2016-02-02T11:29:10.723-06:00"
                jcr:lastModifiedBy="admin"
                jcr:primaryType="nt:unstructured"
                components="[/apps/medtronic-com/components/content/nav/primary-nav-item]">
                <section jcr:primaryType="nt:unstructured"/>
            </header-par>
            <primary-nav-item jcr:primaryType="nt:unstructured"
                components="[/apps/medtronic-com/components/content/nav/secondary-nav-item]">
                <section jcr:primaryType="nt:unstructured"/>
            </primary-nav-item>
            <secondary-nav-item jcr:primaryType="nt:unstructured"
                components="[/apps/medtronic-com/components/content/nav/tertiary-nav-item]">
                <section jcr:primaryType="nt:unstructured"/>
            </secondary-nav-item>
        </site-root-page>
    </jcr:content>
</jcr:root>
