<?xml version="1.0" encoding="UTF-8"?>
<jcr:root xmlns:sling="http://sling.apache.org/jcr/sling/1.0"
    xmlns:granite="http://www.adobe.com/jcr/granite/1.0"
    xmlns:cq="http://www.day.com/jcr/cq/1.0"
    xmlns:jcr="http://www.jcp.org/jcr/1.0"
    xmlns:nt="http://www.jcp.org/jcr/nt/1.0"
    xmlns:rep="internal"
    cq:showOnCreate="{Boolean}false"
    granite:rel="cq-siteadmin-admin-properties-blueprint"
    jcr:primaryType="nt:unstructured"
    jcr:title="Blueprint"
    sling:resourceType="granite/ui/components/foundation/section">
    <layout
        jcr:primaryType="nt:unstructured"
        sling:resourceType="granite/ui/components/foundation/layouts/fixedcolumns"
        margin="{Boolean}false"/>
    <items jcr:primaryType="nt:unstructured">
        <column
            jcr:primaryType="nt:unstructured"
            sling:resourceType="granite/ui/components/foundation/container">
            <items jcr:primaryType="nt:unstructured">
                <writeblueprintconfig
                    jcr:primaryType="nt:unstructured"
                    sling:resourceType="granite/ui/components/foundation/form/hidden"
                    name="msm:writeBlueprintConfig"
                    value="true"/>
                <livecopies
                    jcr:primaryType="nt:unstructured"
                    jcr:title="Current Livecopies"
                    sling:resourceType="granite/ui/components/foundation/form/fieldset">
                    <items jcr:primaryType="nt:unstructured">
                        <title
                            jcr:primaryType="nt:unstructured"
                            sling:resourceType="wcm/msm/components/touch-ui/propertiesdialog/blueprint/livecopies"
                            path="${empty param.item ? requestPathInfo.suffix : param.item }"/>
                    </items>
                </livecopies>
                <rolloutconfiguration
                    jcr:primaryType="nt:unstructured"
                    jcr:title="Rollout Configuration"
                    sling:resourceType="granite/ui/components/foundation/form/fieldset">
                    <items jcr:primaryType="nt:unstructured">
                        <rolloutconfigs
                            jcr:primaryType="nt:unstructured"
                            sling:resourceType="wcm/msm/components/touch-ui/propertiesdialog/blueprint/rolloutconfigs"
                            emptyText="Choose rollout configuration"
                            name="msm:blueprintRolloutConfigs"
                            path="${empty param.item ? requestPathInfo.suffix : param.item }">
                            <datasource
                                jcr:primaryType="nt:unstructured"
                                sling:resourceType="wcm/msm/components/datasources/rolloutconfig"/>
                        </rolloutconfigs>
                    </items>
                </rolloutconfiguration>
            </items>
        </column>
    </items>
    <rendercondition
        jcr:primaryType="nt:unstructured"
        sling:resourceType="wcm/msm/components/touch-ui/renderconditions/isblueprint"
        path="${empty param.item ? requestPathInfo.suffix : param.item}"/>
</jcr:root>