<?xml version="1.0" encoding="UTF-8"?>
<jcr:root xmlns:sling="http://sling.apache.org/jcr/sling/1.0"
    xmlns:granite="http://www.adobe.com/jcr/granite/1.0"
    xmlns:cq="http://www.day.com/jcr/cq/1.0"
    xmlns:jcr="http://www.jcp.org/jcr/1.0"
    xmlns:nt="http://www.jcp.org/jcr/nt/1.0"
    xmlns:rep="internal"
    cq:showOnCreate="{Boolean}true"
    jcr:primaryType="nt:unstructured"
    jcr:title="Advanced"
    sling:resourceType="granite/ui/components/foundation/section">
    <layout
        jcr:primaryType="nt:unstructured"
        sling:resourceType="granite/ui/components/foundation/layouts/fixedcolumns"
        margin="{Boolean}false"/>
    <items jcr:primaryType="nt:unstructured">
        <column
            jcr:primaryType="nt:unstructured"
            sling:resourceType="granite/ui/components/foundation/container">
            <items jcr:primaryType="nt:unstructured">
                <section1
                    jcr:primaryType="nt:unstructured"
                    jcr:title="Settings"
                    sling:resourceType="granite/ui/components/foundation/form/fieldset">
                    <items jcr:primaryType="nt:unstructured">
                        <language
                            jcr:primaryType="nt:unstructured"
                            sling:resourceType="granite/ui/components/foundation/form/select"
                            class="language"
                            cq-msm-lockable="jcr:language"
                            emptyText="Select"
                            fieldLabel="Language"
                            name="./jcr:language"
                            renderReadOnly="{Boolean}true"
                            translateOptions="{Boolean}true">
                            <datasource
                                jcr:primaryType="nt:unstructured"
                                sling:resourceType="medtronic-com/components/common/datasources/languages"
                                addNone="{Boolean}true"/>
                        </language>
                        <redirect
                            jcr:primaryType="nt:unstructured"
                            sling:resourceType="granite/ui/components/foundation/form/pathbrowser"
                            allowBulkEdit="true"
                            cq-msm-lockable="redirectTarget"
                            fieldLabel="Redirect"
                            name="./redirectTarget"
                            readOnlyURITemplate="/libs/wcm/core/content/sites/properties.html{+value}"
                            renderReadOnly="{Boolean}true"
                            rootPath="/content"/>
                        <designs
                            jcr:primaryType="nt:unstructured"
                            sling:resourceType="granite/ui/components/foundation/form/pathbrowser"
                            cq-msm-lockable="cq:designPath"
                            fieldLabel="Design"
                            name="./cq:designPath"
                            renderReadOnly="{Boolean}true"
                            rootPath="/etc/designs"/>
                        <alias
                            cq:showOnCreate="{Boolean}true"
                            jcr:primaryType="nt:unstructured"
                            sling:resourceType="granite/ui/components/foundation/form/textfield"
                            cq-msm-lockable="sling:alias"
                            fieldLabel="Alias"
                            name="./sling:alias"
                            renderReadOnly="{Boolean}true"/>
                    </items>
                </section1>
                <metatagsSection
                    jcr:primaryType="nt:unstructured"
                    jcr:title="Meta Page Properties"
                    sling:resourceType="granite/ui/components/foundation/form/fieldset">
                    <items jcr:primaryType="nt:unstructured">
                        <metatags
                            jcr:primaryType="nt:unstructured"
                            sling:resourceType="granite/ui/components/foundation/form/multifield"
                            cq:showOnCreate="{Boolean}true"
                            class="full-width"
                            cq-msm-lockable="metatags"
                            fieldDescription="Will result in a &lt;meta name='${name}' content='${content}'/> tag in the page head."
                            fieldLabel="Meta Page Properties">
                            <field
                                jcr:primaryType="nt:unstructured"
                                sling:resourceType="granite/ui/components/foundation/form/fieldset"
                                acs-commons-nested="JSON_STORE"
                                name="./metatags">
                                <layout
                                    jcr:primaryType="nt:unstructured"
                                    sling:resourceType="granite/ui/components/foundation/layouts/fixedcolumns"
                                    method="absolute"/>
                                <items jcr:primaryType="nt:unstructured">
                                    <column
                                        jcr:primaryType="nt:unstructured"
                                        sling:resourceType="granite/ui/components/foundation/container">
                                        <items jcr:primaryType="nt:unstructured">
                                            <page
                                                jcr:primaryType="nt:unstructured"
                                                sling:resourceType="granite/ui/components/foundation/form/textfield"
                                                fieldDescription="Meta Tag Name"
                                                fieldLabel="Name"
                                                name="./name"/>
                                            <path
                                                jcr:primaryType="nt:unstructured"
                                                sling:resourceType="granite/ui/components/foundation/form/textfield"
                                                fieldDescription="Meta Tag content"
                                                fieldLabel="Content"
                                                name="./content"/>
                                        </items>
                                    </column>
                                </items>
                            </field>
                        </metatags>
						<robotSettings
                            jcr:primaryType="nt:unstructured"
                            sling:resourceType="granite/ui/components/foundation/form/select"
                            fieldLabel="Robot Settings"
                            id="migration_robot Settings"
                            name="./migration_robotSettings"
                            cq-msm-lockable="migration_robotSettings"
                            translateOptions="{Boolean}true">
                            <items jcr:primaryType="nt:unstructured">
                                <index_x002c_follow
                                    jcr:primaryType="nt:unstructured"
                                    sling:resourceType="granite/ui/components/foundation/form/option"
                                    text="index,follow"
                                    value="index,follow"/>
                                <no-index_x002c_no-follow
                                    jcr:primaryType="nt:unstructured"
                                    sling:resourceType="granite/ui/components/foundation/form/option"
                                    text="no-index,no-follow"
                                    value="no-index,no-follow"/>
                                <no-index_x002c_follow
                                    jcr:primaryType="nt:unstructured"
                                    sling:resourceType="granite/ui/components/foundation/form/option"
                                    text="no-index,follow"
                                    value="no-index,follow"/>
                                <index_x002c_no-follow
                                    jcr:primaryType="nt:unstructured"
                                    sling:resourceType="granite/ui/components/foundation/form/option"
                                    text="index,no-follow"
                                    value="index,no-follow"/>
                            </items>
                        </robotSettings>
                    </items>
                </metatagsSection>
                <cug
                    cq:showOnCreate="{Boolean}false"
                    jcr:primaryType="nt:unstructured"
                    jcr:title="Closed User Group"
                    sling:resourceType="granite/ui/components/foundation/form/fieldset">
                    <items jcr:primaryType="nt:unstructured">
                        <enable
                            jcr:primaryType="nt:unstructured"
                            sling:resourceType="granite/ui/components/foundation/form/checkbox"
                            cq-msm-lockable="cq:cugEnabled"
                            name="./cq:cugEnabled"
                            renderReadOnly="{Boolean}true"
                            text="Enabled"
                            value="true"/>
                        <deleteenable
                            jcr:primaryType="nt:unstructured"
                            sling:resourceType="granite/ui/components/foundation/form/hidden"
                            name="./cq:cugEnabled@Delete"
                            value="true"/>
                        <loginpage
                            jcr:primaryType="nt:unstructured"
                            sling:resourceType="granite/ui/components/foundation/form/pathbrowser"
                            cq-msm-lockable="cq:cugLoginPage"
                            fieldLabel="Login Page"
                            name="./cq:cugLoginPage"
                            renderReadOnly="{Boolean}true"
                            rootPath="/content"/>
                        <admittedgroups
                            jcr:primaryType="nt:unstructured"
                            sling:resourceType="granite/ui/components/foundation/form/multifield"
                            cq-msm-lockable="cq:cugPrincipals"
                            fieldLabel="Admitted Groups"
                            renderReadOnly="{Boolean}true">
                            <field
                                jcr:primaryType="nt:unstructured"
                                sling:resourceType="granite/ui/components/foundation/form/select"
                                name="./cq:cugPrincipals">
                                <datasource
                                    jcr:primaryType="nt:unstructured"
                                    sling:resourceType="granite/ui/components/foundation/authorizable/selectdatasource"
                                    query="\{&quot;selector&quot;: &quot;group&quot;}"/>
                            </field>
                        </admittedgroups>
                        <realm
                            jcr:primaryType="nt:unstructured"
                            sling:resourceType="granite/ui/components/foundation/form/textfield"
                            cq-msm-lockable="cq:cugRealm"
                            fieldDescription="Leave empty to use the page title"
                            fieldLabel="Realm"
                            name="./cq:cugRealm"
                            renderReadOnly="{Boolean}true"/>
                    </items>
                </cug>
                <export
                    cq:showOnCreate="{Boolean}false"
                    jcr:primaryType="nt:unstructured"
                    jcr:title="Export"
                    sling:resourceType="granite/ui/components/foundation/form/fieldset">
                    <items jcr:primaryType="nt:unstructured">
                        <config
                            jcr:primaryType="nt:unstructured"
                            sling:resourceType="granite/ui/components/foundation/form/pathbrowser"
                            cq-msm-lockable="cq:exportTemplate"
                            fieldLabel="Export Configuration"
                            name="./cq:exportTemplate"
                            optionLoader="cq.exportTemplate"
                            renderReadOnly="{Boolean}true"
                            rootPath="/etc/contentsync/templates"/>
                    </items>
                </export>
            </items>
        </column>
    </items>
</jcr:root>