<?xml version="1.0" encoding="UTF-8"?>
<jcr:root xmlns:cq="http://www.day.com/jcr/cq/1.0" xmlns:jcr="http://www.jcp.org/jcr/1.0" xmlns:nt="http://www.jcp.org/jcr/nt/1.0"
    jcr:primaryType="cq:Dialog"
    height="{Long}500"
    title="Rich Text Editor Component"
    width="700"
    xtype="dialog">
    <items
        jcr:primaryType="cq:Widget"
        xtype="tabpanel">
        <items jcr:primaryType="cq:WidgetCollection">
            <tab1
                jcr:primaryType="cq:Panel"
                title="General">
                <items jcr:primaryType="cq:WidgetCollection">
                    <image
                        jcr:primaryType="cq:Widget"
                        fieldLabel="Image"
                        name="./image"
                        rootPath="/content/dam"
                        validator="function(value){return Medtronic.Authoring.ResponsiveTable.TableCellImage.validateImageField(this,value);}"
                        xtype="pathfield"/>
                    <altText
                        jcr:primaryType="cq:Widget"
                        fieldLabel="Image Alt Text"
                        fieldDescription="Enter the subject of the image. If the image is a link, enter the link's page title."
                        name="./imageAlt"
                        validator="function(value){return Medtronic.Authoring.ResponsiveTable.TableCell.validateAltText(this,value);}"
                        xtype="textfield"/>
                    <richText
                        jcr:primaryType="cq:Widget"
                        fieldLabel="Body Text"
                        name="./richText"
                        xtype="richtext"
                        validator="function() {
                        return Medtronic.Authoring.validateEManualUrl(this);
                        }">
                        <rtePlugins jcr:primaryType="nt:unstructured"
                        path="/apps/medtronic-com/components/common/richtext-configurations/standardRte/rtePlugins.infinity.json"
                        xtype="cqinclude">
                        </rtePlugins>
                    </richText>
                    <resourceType
                        jcr:primaryType="cq:Widget"
                        xtype="hidden"
                        hidden="{Boolean}true"
                        name="./sling:resourceType"
                        defaultValue="/apps/medtronic-com/components/content/responsive-table/table-cell"/>
                </items>
            </tab1>
        </items>
    </items>
</jcr:root>
