<?xml version="1.0" encoding="UTF-8"?>
<jcr:root xmlns:sling="http://sling.apache.org/jcr/sling/1.0" xmlns:cq="http://www.day.com/jcr/cq/1.0" xmlns:jcr="http://www.jcp.org/jcr/1.0" xmlns:nt="http://www.jcp.org/jcr/nt/1.0"
    jcr:primaryType="nt:unstructured"
    jcr:title="Country/Language Selectors"
    sling:resourceType="granite/ui/components/foundation/section">
    <layout
        jcr:primaryType="nt:unstructured"
        sling:resourceType="granite/ui/components/foundation/layouts/fixedcolumns"
        margin="{Boolean}false"/>
    <items jcr:primaryType="nt:unstructured">
        <column
            jcr:primaryType="nt:unstructured"
            sling:resourceType="granite/ui/components/foundation/container">
            <items jcr:primaryType="nt:unstructured">
                <country
                    cq:showOnCreate="{Boolean}true"
                    id="application-root-country-selector"
                    fieldLabel="Country/Language"
                    cq-msm-lockable="countries"
                    jcr:primaryType="nt:unstructured"
                    sling:resourceType="granite/ui/components/foundation/form/multifield">
                    <field
                        jcr:primaryType="nt:unstructured"
                        sling:resourceType="granite/ui/components/foundation/form/fieldset"
                        acs-commons-nested="JSON_STORE"
                        name="./countries">
                        <layout
                            jcr:primaryType="nt:unstructured"
                            sling:resourceType="granite/ui/components/foundation/layouts/fixedcolumns"
                            method="absolute"/>
                        <items jcr:primaryType="nt:unstructured">
                            <column
                                jcr:primaryType="nt:unstructured"
                                sling:resourceType="granite/ui/components/foundation/container">
                                <items jcr:primaryType="nt:unstructured">
                                    <languageName
                                        jcr:primaryType="nt:unstructured"
                                        sling:resourceType="granite/ui/components/foundation/form/select"
                                        fieldLabel="Country/Language or Region"
                                        name="./_DNT_languageName"
                                        required="{Boolean}true"
                                        validation="Medtronic.Granite.Validation.SelectRequired">
                                        <datasource
                                            jcr:primaryType="nt:unstructured"
                                            sling:resourceType="medtronic-com/components/common/datasources/languages"
                                            addNone="{Boolean}true"/>
                                    </languageName>
                                    <url
                                        jcr:primaryType="nt:unstructured"
                                        sling:resourceType="granite/ui/components/foundation/form/pathbrowser"
                                        fieldLabel="URL"
                                        name="./url"
                                        required="{Boolean}true"
                                        validation="Medtronic.Granite.Validation.ValidateEManualUrl"/>
                                </items>
                            </column>
                        </items>
                    </field>
                </country>
            </items>
        </column>
    </items>
</jcr:root>
