<?xml version="1.0" encoding="UTF-8"?>
<jcr:root xmlns:cq="http://www.day.com/jcr/cq/1.0" xmlns:jcr="http://www.jcp.org/jcr/1.0" xmlns:nt="http://www.jcp.org/jcr/nt/1.0"
    jcr:primaryType="nt:unstructured">
    <plainParagraphsOnly jcr:primaryType="nt:unstructured">
        <rtePlugins jcr:primaryType="nt:unstructured">
            <edit
                jcr:primaryType="nt:unstructured"
                features="[]"/>
            <format
                jcr:primaryType="nt:unstructured"
                features="[]"/>
            <findreplace
                jcr:primaryType="nt:unstructured"
                features="[]"/>
            <image
                jcr:primaryType="nt:unstructured"
                features="[]"/>
            <justify
                jcr:primaryType="nt:unstructured"
                features="[]"/>
            <keys
                jcr:primaryType="nt:unstructured"
                features="[]"/>
            <links
                jcr:primaryType="nt:unstructured"
                features="[]"/>
            <lists
                jcr:primaryType="nt:unstructured"
                features="[]"/>
            <misctools
                jcr:primaryType="nt:unstructured"
                features="[]"/>
            <paraformat
                jcr:primaryType="nt:unstructured"
                features="[]"/>
            <spellcheck
                jcr:primaryType="nt:unstructured"
                features="[]"/>
            <styles
                jcr:primaryType="nt:unstructured"
                features="[]"/>
            <subsuperscript
                jcr:primaryType="nt:unstructured"
                features="[]"/>
            <table
                jcr:primaryType="nt:unstructured"
                features="[]"/>
            <undo
                jcr:primaryType="nt:unstructured"
                features="[]"/>
        </rtePlugins>
    </plainParagraphsOnly>
    <linksFormatOnly jcr:primaryType="nt:unstructured">
        <rtePlugins jcr:primaryType="nt:unstructured">
            <edit
                jcr:primaryType="nt:unstructured"
                features="[]"/>
            <format
                jcr:primaryType="nt:unstructured"
                features="[bold,italic]"/>
            <findreplace
                jcr:primaryType="nt:unstructured"
                features="[]"/>
            <image
                jcr:primaryType="nt:unstructured"
                features="[]"/>
            <justify
                jcr:primaryType="nt:unstructured"
                features="[]"/>
            <keys
                jcr:primaryType="nt:unstructured"
                features="[]"/>
            <links
                jcr:primaryType="nt:unstructured"
                features="[modifylink]"/>
            <lists
                jcr:primaryType="nt:unstructured"
                features="[]"/>
            <misctools
                jcr:primaryType="nt:unstructured"
                features="[]"/>
            <paraformat
                jcr:primaryType="nt:unstructured"
                features="[]"/>
            <spellcheck
                jcr:primaryType="nt:unstructured"
                features="[]"/>
            <styles
                jcr:primaryType="nt:unstructured"
                features="[]"/>
            <subsuperscript
                jcr:primaryType="nt:unstructured"
                features="[]"/>
            <table
                jcr:primaryType="nt:unstructured"
                features="[]"/>
            <undo
                jcr:primaryType="nt:unstructured"
                features="[]"/>
        </rtePlugins>
    </linksFormatOnly>
    <superScriptSpecialChars jcr:primaryType="nt:unstructured">
        <rtePlugins jcr:primaryType="nt:unstructured">
            <format
                jcr:primaryType="nt:unstructured"
                features="[-]"/>
            <spellcheck
                jcr:primaryType="nt:unstructured"
                features="-"/>
            <misctools
                jcr:primaryType="nt:unstructured"
                features="[specialchars]">
                <specialCharsConfig jcr:primaryType="nt:unstructured">
                    <chars jcr:primaryType="nt:unstructured">
                        <Copyright_x0020_sign
                            jcr:primaryType="nt:unstructured"
                            entity="©"/>
                        <Registered_x0020_trademark_x0020_sign
                            jcr:primaryType="nt:unstructured"
                            entity="®"/>
                        <Trademark_x0020_sign
                            jcr:primaryType="nt:unstructured"
                            entity="™"/>
                    </chars>
                </specialCharsConfig>
            </misctools>
            <edit
                jcr:primaryType="nt:unstructured"
                features="[-]"
                xtype="panel"/>
            <links
                jcr:primaryType="nt:unstructured"
                features="[-]"/>
            <lists
                jcr:primaryType="nt:unstructured"
                features="[]"/>
            <subsuperscript
                jcr:primaryType="nt:unstructured"
                features="[superscript]"/>
            <justify
                jcr:primaryType="nt:unstructured"
                features="[]"/>
            <paraformat
                jcr:primaryType="nt:unstructured"
                features="[]"/>
        </rtePlugins>
    </superScriptSpecialChars>
    <limitedSpecialChars jcr:primaryType="nt:unstructured">
        <rtePlugins jcr:primaryType="nt:unstructured">
            <format
                jcr:primaryType="nt:unstructured"
                features="[-]"/>
            <spellcheck
                jcr:primaryType="nt:unstructured"
                features="-"/>
            <misctools
                jcr:primaryType="nt:unstructured"
                features="[specialchars]">
                <specialCharsConfig jcr:primaryType="nt:unstructured">
                    <chars jcr:primaryType="nt:unstructured">
                        <Copyright_x0020_sign
                            jcr:primaryType="nt:unstructured"
                            entity="©"/>
                        <Registered_x0020_trademark_x0020_sign
                            jcr:primaryType="nt:unstructured"
                            entity="®"/>
                        <Trademark_x0020_sign
                            jcr:primaryType="nt:unstructured"
                            entity="™"/>
                    </chars>
                </specialCharsConfig>
            </misctools>
            <edit
                jcr:primaryType="nt:unstructured"
                features="[-]"
                xtype="panel"/>
            <links
                jcr:primaryType="nt:unstructured"
                features="[-]"/>
            <lists
                jcr:primaryType="nt:unstructured"
                features="[]"/>
            <subsuperscript
                jcr:primaryType="nt:unstructured"
                features="[]"/>
            <justify
                jcr:primaryType="nt:unstructured"
                features="[]"/>
            <paraformat
                jcr:primaryType="nt:unstructured"
                features="[]"/>
        </rtePlugins>
    </limitedSpecialChars>
    <linksOnly jcr:primaryType="nt:unstructured">
        <rtePlugins jcr:primaryType="nt:unstructured">
            <edit
                jcr:primaryType="nt:unstructured"
                features="[]"/>
            <format
                jcr:primaryType="nt:unstructured"
                features="[]"/>
            <findreplace
                jcr:primaryType="nt:unstructured"
                features="[]"/>
            <image
                jcr:primaryType="nt:unstructured"
                features="[]"/>
            <justify
                jcr:primaryType="nt:unstructured"
                features="[]"/>
            <links
                jcr:primaryType="nt:unstructured"
                features="[modifylink,unlink]"/>
            <lists
                jcr:primaryType="nt:unstructured"
                features="[]"/>
            <misctools
                jcr:primaryType="nt:unstructured"
                features="[]"/>
            <paraformat
                jcr:primaryType="nt:unstructured"
                features="[]"/>
            <spellcheck
                jcr:primaryType="nt:unstructured"
                features="[]"/>
            <styles
                jcr:primaryType="nt:unstructured"
                features="[]"/>
            <subsuperscript
                jcr:primaryType="nt:unstructured"
                features="[]"/>
            <table
                jcr:primaryType="nt:unstructured"
                features="[]"/>
            <undo
                jcr:primaryType="nt:unstructured"
                features="[]"/>
        </rtePlugins>
    </linksOnly>
    <standardRte jcr:primaryType="nt:unstructured">
        <rtePlugins jcr:primaryType="nt:unstructured">
            <edit
                jcr:primaryType="nt:unstructured"
                features="[cut,copy,paste-plaintext]"/>
            <format
                jcr:primaryType="nt:unstructured"
                features="[bold,italic]"/>
            <findreplace
                jcr:primaryType="nt:unstructured"
                features="[]"/>
            <image
                jcr:primaryType="nt:unstructured"
                features="[]"/>
            <justify
                jcr:primaryType="nt:unstructured"
                features="[justifyleft,justifycenter,justifyright]"/>
            <links
                jcr:primaryType="nt:unstructured"
                features="[modifylink,anchor,unlink]">
                <linkDialogConfig
                    jcr:primaryType="nt:unstructured"
                    height="{Long}316">
                    <linkAttributes jcr:primaryType="cq:WidgetCollection">
                        <linkAdvanced/>
                    </linkAttributes>
                </linkDialogConfig>
            </links>
            <lists
                jcr:primaryType="nt:unstructured"
                features="[ordered,unordered,indent,outdent]"/>
            <misctools
                jcr:primaryType="nt:unstructured"
                features="[specialchars,sourceedit]">
                <specialCharsConfig jcr:primaryType="nt:unstructured">
                    <chars jcr:primaryType="nt:unstructured">
                        <asterisk
                            jcr:primaryType="nt:unstructured"
                            entity="*"/>
                        <dagger
                            jcr:primaryType="nt:unstructured"
                            entity="&amp;dagger;"/>
                        <double-dagger
                            jcr:primaryType="nt:unstructured"
                            entity="&amp;Dagger;"/>
                        <section-symbol
                            jcr:primaryType="nt:unstructured"
                            entity="&amp;#xa7;"/>
                        <parallel-lines
                            jcr:primaryType="nt:unstructured"
                            entity="||"/>
                        <paragraph
                            jcr:primaryType="nt:unstructured"
                            entity="&amp;#xb6;"/>
                        <number-sign
                            jcr:primaryType="nt:unstructured"
                            entity="#"/>
                        <copyright-sign
                            jcr:primaryType="nt:unstructured"
                            entity="©"/>
                        <registered-trademark-sign
                            jcr:primaryType="nt:unstructured"
                            entity="®"/>
                        <trademark-sign
                            jcr:primaryType="nt:unstructured"
                            entity="™"/>
                        <per-mill-sign
                            jcr:primaryType="nt:unstructured"
                            entity="‰"/>
                        <degree-sign
                            jcr:primaryType="nt:unstructured"
                            entity="°"/>
                    </chars>
                </specialCharsConfig>
            </misctools>
            <paraformat
                jcr:primaryType="nt:unstructured"
                features="*">
                <formats jcr:primaryType="cq:WidgetCollection">
                    <para
                        jcr:primaryType="nt:unstructured"
                        description="Paragraph "
                        tag="p"/>
                    <h2
                        jcr:primaryType="nt:unstructured"
                        description="Heading 2"
                        tag="h2"/>
                    <h3
                        jcr:primaryType="nt:unstructured"
                        description="Heading 3"
                        tag="h3"/>
                    <h4
                        jcr:primaryType="nt:unstructured"
                        description="Heading 4"
                        tag="h4"/>
                    <h5
                        jcr:primaryType="nt:unstructured"
                        description="Heading 5"
                        tag="h5"/>
                    <blockquote
                        jcr:primaryType="nt:unstructured"
                        description="Block Quote"
                        tag="blockquote"/>
                </formats>
            </paraformat>
            <spellcheck
                jcr:primaryType="nt:unstructured"
                features="*"/>
            <styles
                jcr:primaryType="nt:unstructured"
                features="[]"/>
            <subsuperscript
                jcr:primaryType="nt:unstructured"
                features="[superscript]"/>
            <table
                jcr:primaryType="nt:unstructured"
                features="[]"/>
            <undo
                jcr:primaryType="nt:unstructured"
                features="[]"/>
        </rtePlugins>
    </standardRte>
</jcr:root>
